{
  "Stockholm": "Stockholms län",
  "Uppsala": "Uppsala län",
  "Gävle": "Gävleborgs län",
  "Västerås": "Västmanlands län",
  "Örebro": "Örebro län",
  "Linköping": "Östergötlands län",
  "Norrköping": "Östergötlands län",
  "Jönköping": "Jönköpings län",
  "Kalmar": "Kalmar län",
  "Växjö": "Kronobergs län",
  "Karlskrona": "Blekinge län",
  "Malmö": "Skåne län",
  "Lund": "Skåne län",
  "Helsingborg": "Skåne län",
  "Halmstad": "Hallands län",
  "Göteborg": "Västra Götalands län",
  "Borås": "Västra Götalands län",
  "Trollhättan": "Västra Götalands län",
  "Karlstad": "Värmlands län",
  "Falun": "Dalarnas län",
  "Borlänge": "Dalarnas län",
  "Östersund": "Jämtlands län",
  "Umeå": "Västerbottens län",
  "Skellefteå": "Västerbottens län",
  "Luleå": "Norrbottens län",
  "Kiruna": "Norrbottens län",
  "Visby": "Gotlands län",
  "Hudiksvall": "Gävleborgs län",
  "Sundsvall": "Västernorrlands län",
  "Härnösand": "Västernorrlands län",
  "Eskilstuna": "Södermanlands län",
  "Nyköping": "Södermanlands län",
  "Karlskoga": "Örebro län",
  "Motala": "Östergötlands län",
  "Kristianstad": "Skåne län",
  "Ystad": "Skåne län",
  "Trelleborg": "Skåne län",
  "Mora": "Dalarnas län",
  "Avesta": "Dalarnas län",
  "Enköping": "Uppsala län",
  "Sigtuna": "Stockholms län",
  "Sollentuna": "Stockholms län",
  "Oxelösund": "Södermanlands län",
  "Kivik": "Skåne län",
  "Simrishamn": "Skåne län",
  "Gotland": "Gotlands län",
  "Gotlandssocknen": "Gotlands län"
}
